FECHA CORTE,DEPTORESIDENCIA,CANTIDAD CREDITOS AL DIA,CANTIDAD CREDITOS CON MORA MENOR A 90 DIAS,CANTIDAD CREDITOS MORA MAYOR A 90 DIAS,TOTAL CREDITOS,SALDO CAPITAL,SALDO TOTAL,SALDO MORA,INDICADOR CARTERA VENCIDA,EPOCA CARTERA
03/31/2022 12:00:00 AM,VAUPES,0,1,2,3,"$ 14,629,091","$ 16,111,879","$ 3,268,641",1,AMORTIZACION
03/31/2022 12:00:00 AM,VICHADA,19,12,15,46,"$ 554,822,061","$ 578,488,133","$ 61,244,171",0.3421,AMORTIZACION
03/31/2022 12:00:00 AM,SUCRE,3355,1954,1951,7260,"$ 75,700,773,505","$ 78,230,689,291","$ 5,505,018,539",0.3156,AMORTIZACION
03/31/2022 12:00:00 AM,GUAINIA,46,24,14,84,"$ 1,013,145,826","$ 1,058,404,047","$ 62,513,259",0.274,AMORTIZACION
03/31/2022 12:00:00 AM,AMAZONAS,106,54,40,200,"$ 3,246,272,835","$ 3,367,910,123","$ 164,058,506",0.2485,AMORTIZACION
03/31/2022 12:00:00 AM,CORDOBA,4320,2168,1512,8000,"$ 108,711,818,623","$ 112,164,188,852","$ 4,685,756,020",0.2274,AMORTIZACION
03/31/2022 12:00:00 AM,LA GUAJIRA,800,405,249,1454,"$ 26,686,416,029","$ 27,805,394,541","$ 1,321,529,779",0.2272,AMORTIZACION
03/31/2022 12:00:00 AM,ARAUCA,895,420,213,1528,"$ 16,397,360,237","$ 16,946,231,771","$ 675,411,018",0.2168,AMORTIZACION
03/31/2022 12:00:00 AM,MAGDALENA,1545,804,448,2797,"$ 42,405,327,719","$ 44,246,506,655","$ 1,599,720,162",0.2041,AMORTIZACION
03/31/2022 12:00:00 AM,BOLIVAR,5011,2403,1662,9076,"$ 108,151,820,769","$ 113,827,997,229","$ 5,095,279,489",0.2024,AMORTIZACION
03/31/2022 12:00:00 AM,PUTUMAYO,1186,534,336,2056,"$ 21,315,214,407","$ 22,200,287,252","$ 1,133,437,218",0.1958,AMORTIZACION
03/31/2022 12:00:00 AM,CHOCO,101,47,30,178,"$ 2,101,925,826","$ 2,173,133,866","$ 98,067,038",0.1935,AMORTIZACION
03/31/2022 12:00:00 AM,META,2224,941,612,3777,"$ 48,917,494,026","$ 50,664,928,556","$ 2,673,038,383",0.1869,AMORTIZACION
03/31/2022 12:00:00 AM,CASANARE,1297,645,278,2220,"$ 24,801,775,412","$ 25,663,207,077","$ 945,445,712",0.177,AMORTIZACION
03/31/2022 12:00:00 AM,ATLANTICO,10329,4381,2495,17205,"$ 319,961,832,111","$ 330,427,845,247","$ 10,886,808,427",0.1763,AMORTIZACION
03/31/2022 12:00:00 AM,CESAR,1216,562,344,2122,"$ 32,469,032,127","$ 34,807,621,844","$ 1,243,844,116",0.1749,AMORTIZACION
03/31/2022 12:00:00 AM,SIN INFORMACION,41,10,19,70,"$ 909,586,173","$ 971,964,501","$ 63,421,466",0.1678,AMORTIZACION
03/31/2022 12:00:00 AM,CAQUETA,815,359,156,1330,"$ 11,265,300,785","$ 11,515,749,194","$ 347,277,268",0.1646,AMORTIZACION
03/31/2022 12:00:00 AM,NORTE DE SANTANDER,3173,1161,550,4884,"$ 59,204,894,803","$ 61,206,492,052","$ 1,937,770,276",0.1628,AMORTIZACION
03/31/2022 12:00:00 AM,CAUCA,3050,1175,516,4741,"$ 51,734,339,056","$ 53,531,553,425","$ 1,458,684,472",0.1452,AMORTIZACION
03/31/2022 12:00:00 AM,GUAVIARE,205,93,49,347,"$ 2,988,302,531","$ 3,053,655,685","$ 124,947,500",0.1395,AMORTIZACION
03/31/2022 12:00:00 AM,RISARALDA,3241,968,378,4587,"$ 54,663,786,487","$ 56,216,433,678","$ 1,427,417,116",0.1304,AMORTIZACION
03/31/2022 12:00:00 AM,HUILA,2359,826,336,3521,"$ 40,471,848,171","$ 43,231,634,740","$ 1,132,111,342",0.1189,AMORTIZACION
03/31/2022 12:00:00 AM,SANTANDER,7612,2723,974,11309,"$ 158,077,560,988","$ 163,126,022,908","$ 4,123,300,953",0.1188,AMORTIZACION
03/31/2022 12:00:00 AM,QUINDIO,1938,638,212,2788,"$ 33,109,483,733","$ 34,020,714,812","$ 755,559,247",0.1117,AMORTIZACION
03/31/2022 12:00:00 AM,BOYACA,3485,1325,407,5217,"$ 78,716,590,936","$ 81,168,798,918","$ 1,758,194,614",0.1094,AMORTIZACION
03/31/2022 12:00:00 AM,TOLIMA,3518,1250,439,5207,"$ 60,940,107,349","$ 62,598,393,786","$ 1,425,534,645",0.108,AMORTIZACION
03/31/2022 12:00:00 AM,NARINO,4188,1344,500,6032,"$ 68,920,106,272","$ 70,444,425,014","$ 1,504,464,049",0.106,AMORTIZACION
03/31/2022 12:00:00 AM,ANTIOQUIA,10453,3321,1137,14911,"$ 233,114,171,277","$ 239,124,468,040","$ 4,760,281,098",0.1039,AMORTIZACION
03/31/2022 12:00:00 AM,VALLE DEL CAUCA,12526,3763,1377,17666,"$ 332,115,219,239","$ 340,139,734,409","$ 6,805,675,594",0.0998,AMORTIZACION
03/31/2022 12:00:00 AM,CALDAS,3019,840,304,4163,"$ 59,126,112,076","$ 60,722,456,274","$ 1,095,591,848",0.0981,AMORTIZACION
03/31/2022 12:00:00 AM,CUNDINAMARCA,7795,2165,679,10639,"$ 188,002,125,544","$ 196,528,983,530","$ 3,402,575,281",0.0843,AMORTIZACION
03/31/2022 12:00:00 AM,DISTRITO CAPITAL,36936,9457,2898,49291,"$ 986,392,120,932","$ 1,014,715,947,836","$ 17,034,319,155",0.0757,AMORTIZACION
03/31/2022 12:00:00 AM,EXTRANJERO,12,1,1,14,"$ 527,701,457","$ 534,541,038","$ 1,350,832",0.0274,AMORTIZACION
03/31/2022 12:00:00 AM,SAN ANDRES,130,1,0,131,"$ 2,177,061,279","$ 2,248,564,755","$ 103,824",0,AMORTIZACION
03/31/2022 12:00:00 AM,GUAINIA,10,1,1,12,"$ 273,070,949","$ 303,795,940","$ 410,772",0.2229,ESTUDIOS
03/31/2022 12:00:00 AM,AMAZONAS,79,15,2,96,"$ 2,470,239,879","$ 2,919,310,748","$ 19,093,857",0.0988,ESTUDIOS
03/31/2022 12:00:00 AM,VICHADA,35,8,1,44,"$ 772,823,514","$ 842,204,573","$ 2,793,813",0.0826,ESTUDIOS
03/31/2022 12:00:00 AM,ATLANTICO,16730,3961,525,21216,"$ 535,167,839,304","$ 596,160,687,652","$ 2,206,465,994",0.0646,ESTUDIOS
03/31/2022 12:00:00 AM,CALDAS,1749,322,51,2122,"$ 45,486,263,970","$ 54,707,263,642","$ 183,740,773",0.0624,ESTUDIOS
03/31/2022 12:00:00 AM,MAGDALENA,3999,673,90,4762,"$ 96,305,433,658","$ 106,206,478,347","$ 308,817,457",0.057,ESTUDIOS
03/31/2022 12:00:00 AM,CASANARE,1752,412,49,2213,"$ 42,229,245,720","$ 50,030,306,317","$ 154,835,713",0.057,ESTUDIOS
03/31/2022 12:00:00 AM,CHOCO,303,34,5,342,"$ 5,942,167,628","$ 6,572,381,603","$ 31,828,511",0.0552,ESTUDIOS
03/31/2022 12:00:00 AM,NORTE DE SANTANDER,2650,505,86,3241,"$ 78,139,357,587","$ 89,271,944,594","$ 291,714,848",0.0551,ESTUDIOS
03/31/2022 12:00:00 AM,LA GUAJIRA,2719,485,75,3279,"$ 86,120,607,253","$ 97,383,827,426","$ 272,770,318",0.0548,ESTUDIOS
03/31/2022 12:00:00 AM,BOYACA,3524,848,114,4486,"$ 110,961,298,987","$ 131,624,641,937","$ 494,950,901",0.0533,ESTUDIOS
03/31/2022 12:00:00 AM,ARAUCA,731,169,32,932,"$ 16,849,127,773","$ 19,237,339,027","$ 73,694,600",0.0514,ESTUDIOS
03/31/2022 12:00:00 AM,QUINDIO,1249,207,29,1485,"$ 31,454,113,862","$ 37,334,907,726","$ 87,089,721",0.051,ESTUDIOS
03/31/2022 12:00:00 AM,SANTANDER,6867,1418,187,8472,"$ 205,047,736,312","$ 242,625,575,872","$ 737,097,322",0.0492,ESTUDIOS
03/31/2022 12:00:00 AM,HUILA,1925,329,49,2303,"$ 49,653,053,674","$ 57,094,343,280","$ 181,111,158",0.0482,ESTUDIOS
03/31/2022 12:00:00 AM,META,2588,549,88,3225,"$ 72,089,873,968","$ 80,412,379,125","$ 307,684,540",0.048,ESTUDIOS
03/31/2022 12:00:00 AM,BOLIVAR,10718,1271,239,12228,"$ 240,149,448,890","$ 265,260,640,641","$ 706,419,051",0.0479,ESTUDIOS
03/31/2022 12:00:00 AM,GUAVIARE,243,33,7,283,"$ 4,986,434,651","$ 5,469,948,868","$ 24,513,298",0.0475,ESTUDIOS
03/31/2022 12:00:00 AM,ANTIOQUIA,9592,1481,220,11293,"$ 250,781,676,549","$ 306,956,202,510","$ 938,454,119",0.0428,ESTUDIOS
03/31/2022 12:00:00 AM,TOLIMA,2744,520,58,3322,"$ 68,983,079,663","$ 79,606,611,814","$ 233,660,259",0.0403,ESTUDIOS
03/31/2022 12:00:00 AM,VALLE DEL CAUCA,11704,2232,264,14200,"$ 385,171,087,216","$ 455,421,274,448","$ 1,443,742,313",0.0402,ESTUDIOS
03/31/2022 12:00:00 AM,CAUCA,1815,256,41,2112,"$ 39,995,338,628","$ 45,823,548,988","$ 117,956,241",0.0394,ESTUDIOS
03/31/2022 12:00:00 AM,DISTRITO CAPITAL,33225,6382,673,40280,"$ 1,149,875,040,870","$ 1,369,780,690,291","$ 4,459,210,563",0.038,ESTUDIOS
03/31/2022 12:00:00 AM,CESAR,3452,426,53,3931,"$ 86,503,628,174","$ 95,590,959,720","$ 240,427,044",0.0374,ESTUDIOS
03/31/2022 12:00:00 AM,RISARALDA,2060,338,40,2438,"$ 48,789,879,019","$ 58,539,208,677","$ 192,426,219",0.0371,ESTUDIOS
03/31/2022 12:00:00 AM,CUNDINAMARCA,10453,1352,172,11977,"$ 277,107,018,489","$ 325,469,016,493","$ 897,403,407",0.0349,ESTUDIOS
03/31/2022 12:00:00 AM,NARINO,4679,611,80,5370,"$ 100,199,545,996","$ 112,021,617,922","$ 208,674,439",0.0319,ESTUDIOS
03/31/2022 12:00:00 AM,PUTUMAYO,933,96,19,1048,"$ 17,597,952,651","$ 20,166,583,744","$ 36,622,539",0.0308,ESTUDIOS
03/31/2022 12:00:00 AM,CORDOBA,15856,1349,301,17506,"$ 332,972,518,129","$ 363,207,725,349","$ 672,038,582",0.0297,ESTUDIOS
03/31/2022 12:00:00 AM,SUCRE,15000,1009,261,16270,"$ 277,715,662,114","$ 300,050,251,601","$ 470,694,696",0.0295,ESTUDIOS
03/31/2022 12:00:00 AM,CAQUETA,497,64,7,568,"$ 11,066,532,929","$ 12,352,157,172","$ 24,216,275",0.0229,ESTUDIOS
03/31/2022 12:00:00 AM,SAN ANDRES,221,7,1,229,"$ 4,825,931,911","$ 6,465,901,172","$ 3,024,238",0.0015,ESTUDIOS
03/31/2022 12:00:00 AM,SIN INFORMACION,7,0,0,7,"$ 107,709,663","$ 146,206,506",$ 0,0,ESTUDIOS
03/31/2022 12:00:00 AM,EXTRANJERO,64,0,0,64,"$ 6,053,355,502","$ 6,720,458,587",$ 0,0,ESTUDIOS
03/31/2022 12:00:00 AM,VAUPES,13,1,0,14,"$ 235,783,164","$ 278,408,557","$ 102,445",0,ESTUDIOS
06/30/2022 12:00:00 AM,GUAINIA,9,1,2,12,"$ 271,967,787","$ 307,643,911","$ 1,100,854",0.2236,ESTUDIOS
06/30/2022 12:00:00 AM,AMAZONAS,79,8,7,94,"$ 2,446,287,136","$ 2,918,120,622","$ 30,910,943",0.1955,ESTUDIOS
06/30/2022 12:00:00 AM,CASANARE,1721,252,158,2131,"$ 40,126,655,112","$ 48,203,431,004","$ 223,491,837",0.1398,ESTUDIOS
06/30/2022 12:00:00 AM,ARAUCA,749,94,76,919,"$ 16,393,325,926","$ 18,864,298,597","$ 101,408,121",0.1319,ESTUDIOS
06/30/2022 12:00:00 AM,BOYACA,3468,555,306,4329,"$ 104,237,084,768","$ 125,182,831,794","$ 615,628,594",0.1265,ESTUDIOS
06/30/2022 12:00:00 AM,ATLANTICO,17012,2063,1557,20632,"$ 512,348,823,843","$ 577,031,736,830","$ 2,664,364,305",0.119,ESTUDIOS
06/30/2022 12:00:00 AM,VICHADA,32,9,2,43,"$ 762,829,278","$ 846,829,223","$ 3,247,648",0.1091,ESTUDIOS
06/30/2022 12:00:00 AM,META,2655,315,218,3188,"$ 69,752,234,779","$ 78,781,123,396","$ 357,550,831",0.1049,ESTUDIOS
06/30/2022 12:00:00 AM,SANTANDER,6786,859,461,8106,"$ 190,364,952,726","$ 227,522,838,217","$ 861,853,770",0.1026,ESTUDIOS
06/30/2022 12:00:00 AM,MAGDALENA,4044,389,280,4713,"$ 94,548,780,592","$ 105,422,559,485","$ 422,685,331",0.0946,ESTUDIOS
06/30/2022 12:00:00 AM,NORTE DE SANTANDER,2624,287,200,3111,"$ 74,838,488,475","$ 86,374,661,299","$ 279,848,711",0.0894,ESTUDIOS
06/30/2022 12:00:00 AM,HUILA,1923,209,117,2249,"$ 47,298,914,331","$ 54,842,414,412","$ 223,827,759",0.0887,ESTUDIOS
06/30/2022 12:00:00 AM,VALLE DEL CAUCA,11656,1403,678,13737,"$ 362,232,451,963","$ 434,456,481,462","$ 1,651,282,818",0.0882,ESTUDIOS
06/30/2022 12:00:00 AM,LA GUAJIRA,2797,292,201,3290,"$ 84,884,540,133","$ 96,657,380,996","$ 331,860,176",0.0878,ESTUDIOS
06/30/2022 12:00:00 AM,CALDAS,1749,210,106,2065,"$ 42,768,828,034","$ 52,159,862,308","$ 190,035,949",0.0873,ESTUDIOS
06/30/2022 12:00:00 AM,DISTRITO CAPITAL,33284,3876,1847,39007,"$ 1,079,049,959,215","$ 1,304,716,291,187","$ 5,102,371,682",0.0862,ESTUDIOS
06/30/2022 12:00:00 AM,RISARALDA,1996,216,113,2325,"$ 44,806,984,992","$ 54,312,025,639","$ 228,082,248",0.0857,ESTUDIOS
06/30/2022 12:00:00 AM,TOLIMA,2711,313,156,3180,"$ 64,761,363,682","$ 75,526,234,974","$ 273,773,612",0.0854,ESTUDIOS
06/30/2022 12:00:00 AM,QUINDIO,1209,137,69,1415,"$ 28,927,661,148","$ 34,794,711,143","$ 116,449,086",0.0841,ESTUDIOS
06/30/2022 12:00:00 AM,BOLIVAR,10741,754,551,12046,"$ 234,761,971,494","$ 262,080,838,928","$ 811,640,406",0.0803,ESTUDIOS
06/30/2022 12:00:00 AM,CESAR,3458,316,155,3929,"$ 85,567,843,379","$ 95,669,330,163","$ 312,304,343",0.0781,ESTUDIOS
06/30/2022 12:00:00 AM,ANTIOQUIA,9625,1000,444,11069,"$ 237,952,154,472","$ 295,605,764,654","$ 1,047,934,691",0.0777,ESTUDIOS
06/30/2022 12:00:00 AM,CAUCA,1765,167,106,2038,"$ 38,493,550,598","$ 44,598,968,136","$ 154,465,961",0.0761,ESTUDIOS
06/30/2022 12:00:00 AM,CUNDINAMARCA,10372,892,408,11672,"$ 259,830,553,906","$ 308,813,920,648","$ 1,030,939,503",0.0713,ESTUDIOS
06/30/2022 12:00:00 AM,CHOCO,286,48,9,343,"$ 6,054,361,913","$ 6,753,011,910","$ 22,300,610",0.0699,ESTUDIOS
06/30/2022 12:00:00 AM,CORDOBA,15602,915,615,17132,"$ 325,526,155,213","$ 358,449,214,173","$ 808,325,055",0.0599,ESTUDIOS
06/30/2022 12:00:00 AM,NARINO,4616,427,180,5223,"$ 94,827,198,536","$ 107,108,596,191","$ 276,964,330",0.0576,ESTUDIOS
06/30/2022 12:00:00 AM,SUCRE,14679,573,571,15823,"$ 269,680,081,547","$ 294,275,798,796","$ 577,001,617",0.0575,ESTUDIOS
06/30/2022 12:00:00 AM,GUAVIARE,236,38,7,281,"$ 4,882,061,968","$ 5,411,998,379","$ 13,080,338",0.0545,ESTUDIOS
06/30/2022 12:00:00 AM,PUTUMAYO,928,58,38,1024,"$ 16,788,217,843","$ 19,419,324,251","$ 41,565,906",0.0536,ESTUDIOS
06/30/2022 12:00:00 AM,CAQUETA,492,49,19,560,"$ 10,733,149,022","$ 12,118,752,600","$ 30,683,271",0.0465,ESTUDIOS
06/30/2022 12:00:00 AM,SAN ANDRES,147,53,3,203,"$ 4,061,063,984","$ 5,629,322,906","$ 17,960,595",0.0073,ESTUDIOS
06/30/2022 12:00:00 AM,EXTRANJERO,61,0,0,61,"$ 5,815,046,977","$ 6,529,325,601",$ 0,0,ESTUDIOS
06/30/2022 12:00:00 AM,Sin Informacion,7,0,0,7,"$ 107,709,663","$ 147,947,258",$ 0,0,ESTUDIOS
06/30/2022 12:00:00 AM,VAUPES,15,0,0,15,"$ 252,730,368","$ 300,225,584",$ 0,0,ESTUDIOS
06/30/2022 12:00:00 AM,VAUPES,0,2,1,3,"$ 13,186,473","$ 14,394,677","$ 1,436,165",1,AMORTIZACION
06/30/2022 12:00:00 AM,GUAINIA,45,20,10,75,"$ 887,528,658","$ 924,084,757","$ 41,009,927",0.4244,AMORTIZACION
06/30/2022 12:00:00 AM,VICHADA,21,9,9,39,"$ 450,177,236","$ 468,260,263","$ 32,631,838",0.4201,AMORTIZACION
06/30/2022 12:00:00 AM,SUCRE,4041,1526,1683,7250,"$ 80,438,819,188","$ 82,828,491,626","$ 4,181,305,925",0.2941,AMORTIZACION
06/30/2022 12:00:00 AM,CORDOBA,4954,1653,1390,7997,"$ 113,139,928,926","$ 115,885,081,037","$ 3,695,436,202",0.2397,AMORTIZACION
06/30/2022 12:00:00 AM,LA GUAJIRA,918,333,215,1466,"$ 27,640,256,375","$ 28,788,690,355","$ 915,453,835",0.2345,AMORTIZACION
06/30/2022 12:00:00 AM,GUAVIARE,215,71,47,333,"$ 2,998,347,171","$ 3,061,447,084","$ 91,112,913",0.2271,AMORTIZACION
06/30/2022 12:00:00 AM,BOLIVAR,5597,1646,1605,8848,"$ 110,253,073,439","$ 115,962,356,658","$ 4,342,028,705",0.2256,AMORTIZACION
06/30/2022 12:00:00 AM,ARAUCA,982,306,192,1480,"$ 16,297,034,205","$ 16,750,529,808","$ 488,665,229",0.2208,AMORTIZACION
06/30/2022 12:00:00 AM,MAGDALENA,1766,568,399,2733,"$ 42,760,906,151","$ 44,425,446,278","$ 1,221,148,880",0.2035,AMORTIZACION
06/30/2022 12:00:00 AM,PUTUMAYO,1300,399,232,1931,"$ 20,678,393,429","$ 21,367,522,566","$ 558,004,910",0.2032,AMORTIZACION
06/30/2022 12:00:00 AM,CASANARE,1470,454,287,2211,"$ 25,869,247,813","$ 26,700,790,450","$ 729,546,942",0.1953,AMORTIZACION
06/30/2022 12:00:00 AM,CESAR,1334,421,305,2060,"$ 32,527,089,195","$ 34,604,826,604","$ 955,923,795",0.193,AMORTIZACION
06/30/2022 12:00:00 AM,ATLANTICO,11406,3255,2188,16849,"$ 329,067,092,074","$ 338,751,594,827","$ 8,067,992,522",0.1886,AMORTIZACION
06/30/2022 12:00:00 AM,CAQUETA,876,264,139,1279,"$ 10,903,721,038","$ 11,145,016,211","$ 288,832,377",0.1802,AMORTIZACION
06/30/2022 12:00:00 AM,META,2449,642,460,3551,"$ 48,187,816,182","$ 49,587,693,157","$ 1,373,125,094",0.1799,AMORTIZACION
06/30/2022 12:00:00 AM,CHOCO,111,36,19,166,"$ 1,960,100,100","$ 2,020,017,034","$ 46,468,216",0.1778,AMORTIZACION
06/30/2022 12:00:00 AM,CAUCA,3294,817,448,4559,"$ 50,613,562,405","$ 52,180,223,836","$ 1,100,760,913",0.1614,AMORTIZACION
06/30/2022 12:00:00 AM,NORTE DE SANTANDER,3416,877,486,4779,"$ 59,870,019,891","$ 61,856,060,962","$ 1,346,126,207",0.1517,AMORTIZACION
06/30/2022 12:00:00 AM,AMAZONAS,112,46,23,181,"$ 2,952,825,458","$ 3,055,762,560","$ 78,949,016",0.1498,AMORTIZACION
06/30/2022 12:00:00 AM,HUILA,2518,622,298,3438,"$ 41,225,396,256","$ 43,907,597,673","$ 811,199,936",0.1393,AMORTIZACION
06/30/2022 12:00:00 AM,TOLIMA,3755,911,421,5087,"$ 62,454,536,869","$ 64,084,076,305","$ 1,143,534,962",0.1377,AMORTIZACION
06/30/2022 12:00:00 AM,QUINDIO,2060,489,189,2738,"$ 34,433,395,599","$ 35,276,382,361","$ 550,354,364",0.1322,AMORTIZACION
06/30/2022 12:00:00 AM,SANTANDER,8170,2066,919,11155,"$ 164,874,031,928","$ 169,726,594,236","$ 3,064,857,949",0.1303,AMORTIZACION
06/30/2022 12:00:00 AM,BOYACA,3883,867,431,5181,"$ 81,755,693,897","$ 84,104,106,363","$ 1,308,031,836",0.1261,AMORTIZACION
06/30/2022 12:00:00 AM,RISARALDA,3385,714,334,4433,"$ 54,926,927,317","$ 56,278,268,138","$ 1,000,438,063",0.126,AMORTIZACION
06/30/2022 12:00:00 AM,ANTIOQUIA,10918,2473,1076,14467,"$ 232,423,871,598","$ 238,350,110,705","$ 3,662,675,204",0.1201,AMORTIZACION
06/30/2022 12:00:00 AM,NARINO,4502,1019,431,5952,"$ 71,911,956,728","$ 73,499,656,070","$ 1,253,522,212",0.1182,AMORTIZACION
06/30/2022 12:00:00 AM,VALLE DEL CAUCA,13129,2849,1280,17258,"$ 338,352,299,823","$ 346,113,000,678","$ 5,175,150,187",0.1178,AMORTIZACION
06/30/2022 12:00:00 AM,CALDAS,3113,673,259,4045,"$ 59,077,818,588","$ 60,558,741,355","$ 823,409,315",0.1121,AMORTIZACION
06/30/2022 12:00:00 AM,SIN INFORMACION,46,4,11,61,"$ 785,314,468","$ 840,723,874","$ 41,124,821",0.1026,AMORTIZACION
06/30/2022 12:00:00 AM,CUNDINAMARCA,8260,1622,702,10584,"$ 197,289,588,277","$ 205,791,137,698","$ 2,736,390,905",0.0987,AMORTIZACION
06/30/2022 12:00:00 AM,DISTRITO CAPITAL,38686,6565,2880,48131,"$ 1,000,513,675,374","$ 1,028,344,947,460","$ 12,761,715,084",0.0922,AMORTIZACION
06/30/2022 12:00:00 AM,SAN ANDRES,75,84,0,159,"$ 3,088,861,292","$ 3,180,713,113","$ 25,511,828",0.0186,AMORTIZACION
06/30/2022 12:00:00 AM,EXTRANJERO,13,2,0,15,"$ 903,062,591","$ 914,315,954","$ 2,866,356",0,AMORTIZACION
09/30/2022 12:00:00 AM,SAN ANDRES,153,29,20,202,"$ 4,304,619,022","$ 5,714,897,215","$ 35,532,614",0.198,ESTUDIOS
09/30/2022 12:00:00 AM,SAN ANDRES,87,44,34,165,"$ 3,102,267,531","$ 3,436,916,242","$ 67,718,554",0.2665,AMORTIZACION
09/30/2022 12:00:00 AM,EXTRANJERO,56,0,0,56,"$ 5,691,987,134","$ 6,461,241,101",$ 0,0,ESTUDIOS
09/30/2022 12:00:00 AM,EXTRANJERO,18,0,0,18,"$ 1,193,317,312","$ 1,205,265,340",$ 0,0,AMORTIZACION
09/30/2022 12:00:00 AM,GUAINIA,12,1,0,13,"$ 274,727,943","$ 307,187,044","$ 209,589",0,ESTUDIOS
09/30/2022 12:00:00 AM,ATLANTICO,17775,3744,1020,22539,"$ 582,076,132,732","$ 653,327,604,854","$ 3,360,169,279",0.1388,ESTUDIOS
09/30/2022 12:00:00 AM,CASANARE,1701,309,108,2118,"$ 42,709,726,024","$ 50,575,972,373","$ 231,686,837",0.1227,ESTUDIOS
09/30/2022 12:00:00 AM,NORTE DE SANTANDER,2718,424,161,3303,"$ 82,596,595,424","$ 94,994,349,007","$ 383,327,754",0.1223,ESTUDIOS
09/30/2022 12:00:00 AM,ARAUCA,774,126,57,957,"$ 18,498,631,693","$ 21,141,549,658","$ 106,086,653",0.121,ESTUDIOS
09/30/2022 12:00:00 AM,BOYACA,3517,764,202,4483,"$ 114,077,153,165","$ 135,737,433,517","$ 692,223,759",0.1196,ESTUDIOS
09/30/2022 12:00:00 AM,AMAZONAS,84,12,4,100,"$ 2,646,476,279","$ 3,162,983,823","$ 25,517,561",0.115,ESTUDIOS
09/30/2022 12:00:00 AM,MAGDALENA,4323,659,193,5175,"$ 111,211,182,528","$ 123,055,399,863","$ 564,903,038",0.1135,ESTUDIOS
09/30/2022 12:00:00 AM,LA GUAJIRA,2915,575,139,3629,"$ 101,326,978,604","$ 114,457,971,450","$ 429,706,891",0.1119,ESTUDIOS
09/30/2022 12:00:00 AM,SANTANDER,6661,1224,348,8233,"$ 204,580,587,215","$ 240,579,311,269","$ 1,063,822,133",0.1099,ESTUDIOS
09/30/2022 12:00:00 AM,META,2680,464,148,3292,"$ 76,547,448,626","$ 86,459,014,163","$ 414,260,345",0.1075,ESTUDIOS
09/30/2022 12:00:00 AM,CALDAS,1798,319,81,2198,"$ 47,619,822,261","$ 57,253,151,508","$ 264,255,833",0.1002,ESTUDIOS
09/30/2022 12:00:00 AM,CHOCO,295,62,16,373,"$ 7,400,254,616","$ 8,218,671,023","$ 32,413,062",0.0986,ESTUDIOS
09/30/2022 12:00:00 AM,DISTRITO CAPITAL,33206,5764,1448,40418,"$ 1,182,940,057,891","$ 1,418,138,088,014","$ 6,574,955,168",0.0961,ESTUDIOS
09/30/2022 12:00:00 AM,TOLIMA,2707,432,122,3261,"$ 71,335,461,701","$ 82,953,155,626","$ 325,617,967",0.0919,ESTUDIOS
09/30/2022 12:00:00 AM,VICHADA,37,9,1,47,"$ 847,670,139","$ 942,134,931","$ 2,716,722",0.0895,ESTUDIOS
09/30/2022 12:00:00 AM,ANTIOQUIA,9913,1596,342,11851,"$ 266,045,682,630","$ 325,766,623,809","$ 1,316,395,233",0.0876,ESTUDIOS
09/30/2022 12:00:00 AM,BOLIVAR,11579,1212,406,13197,"$ 274,477,644,718","$ 305,029,643,003","$ 1,033,678,422",0.0852,ESTUDIOS
09/30/2022 12:00:00 AM,VALLE DEL CAUCA,11864,2140,507,14511,"$ 401,941,354,470","$ 477,727,638,058","$ 1,967,137,001",0.0849,ESTUDIOS
09/30/2022 12:00:00 AM,GUAVIARE,245,42,8,295,"$ 5,562,231,846","$ 6,182,175,710","$ 16,694,939",0.084,ESTUDIOS
09/30/2022 12:00:00 AM,CESAR,3925,519,117,4561,"$ 105,604,165,819","$ 117,379,207,322","$ 387,860,278",0.0829,ESTUDIOS
09/30/2022 12:00:00 AM,QUINDIO,1222,190,49,1461,"$ 31,131,513,866","$ 37,257,625,260","$ 133,181,148",0.0825,ESTUDIOS
09/30/2022 12:00:00 AM,CUNDINAMARCA,10392,1251,328,11971,"$ 281,109,332,204","$ 332,135,111,393","$ 1,314,989,424",0.0815,ESTUDIOS
09/30/2022 12:00:00 AM,CAUCA,1828,236,79,2143,"$ 42,829,612,673","$ 49,242,957,192","$ 186,366,771",0.0812,ESTUDIOS
09/30/2022 12:00:00 AM,CAQUETA,509,81,15,605,"$ 12,471,483,885","$ 14,003,020,720","$ 47,788,785",0.0812,ESTUDIOS
09/30/2022 12:00:00 AM,HUILA,2051,313,81,2445,"$ 54,228,115,191","$ 62,539,814,915","$ 276,205,738",0.0787,ESTUDIOS
09/30/2022 12:00:00 AM,RISARALDA,1977,270,100,2347,"$ 48,431,893,896","$ 57,857,332,637","$ 273,300,668",0.0747,ESTUDIOS
09/30/2022 12:00:00 AM,PUTUMAYO,974,82,26,1082,"$ 18,873,209,004","$ 21,730,275,136","$ 51,573,169",0.0554,ESTUDIOS
09/30/2022 12:00:00 AM,NARINO,4932,582,128,5642,"$ 109,847,176,912","$ 123,522,021,545","$ 320,976,727",0.0539,ESTUDIOS
09/30/2022 12:00:00 AM,CORDOBA,17271,1176,483,18930,"$ 380,982,585,126","$ 418,799,342,142","$ 917,743,822",0.0537,ESTUDIOS
09/30/2022 12:00:00 AM,SUCRE,15856,915,414,17185,"$ 315,623,643,288","$ 344,642,224,144","$ 651,280,154",0.0492,ESTUDIOS
09/30/2022 12:00:00 AM,VAUPES,1,1,2,4,"$ 19,480,263","$ 42,622,020","$ 1,869,705",0.6255,AMORTIZACION
09/30/2022 12:00:00 AM,VICHADA,20,9,11,40,"$ 483,189,740","$ 508,126,900","$ 48,238,556",0.4768,AMORTIZACION
09/30/2022 12:00:00 AM,SUCRE,4166,1367,1818,7351,"$ 79,905,699,200","$ 82,739,789,563","$ 5,005,015,824",0.305,AMORTIZACION
09/30/2022 12:00:00 AM,LA GUAJIRA,912,337,237,1486,"$ 27,321,044,774","$ 28,441,771,565","$ 1,093,915,467",0.2605,AMORTIZACION
09/30/2022 12:00:00 AM,CORDOBA,4981,1639,1509,8129,"$ 111,000,391,910","$ 114,031,320,170","$ 4,394,209,966",0.243,AMORTIZACION
09/30/2022 12:00:00 AM,BOLIVAR,5537,1882,1515,8934,"$ 109,991,828,969","$ 116,417,179,244","$ 4,980,084,316",0.2299,AMORTIZACION
09/30/2022 12:00:00 AM,MAGDALENA,1804,567,405,2776,"$ 43,426,085,376","$ 45,802,673,178","$ 1,470,419,613",0.2148,AMORTIZACION
09/30/2022 12:00:00 AM,ARAUCA,992,313,179,1484,"$ 16,059,161,926","$ 16,571,086,543","$ 540,275,616",0.2093,AMORTIZACION
09/30/2022 12:00:00 AM,GUAVIARE,225,67,34,326,"$ 2,883,271,209","$ 2,951,912,496","$ 86,717,792",0.2028,AMORTIZACION
09/30/2022 12:00:00 AM,CESAR,1321,421,311,2053,"$ 32,551,159,188","$ 34,752,213,413","$ 1,144,496,100",0.2019,AMORTIZACION
09/30/2022 12:00:00 AM,CASANARE,1506,500,260,2266,"$ 26,941,313,515","$ 28,229,792,249","$ 816,811,186",0.1956,AMORTIZACION
09/30/2022 12:00:00 AM,CAQUETA,878,264,122,1264,"$ 10,879,290,260","$ 11,138,437,316","$ 297,919,737",0.1898,AMORTIZACION
09/30/2022 12:00:00 AM,ATLANTICO,11466,3371,2119,16956,"$ 328,400,827,088","$ 339,435,906,724","$ 9,105,160,600",0.1885,AMORTIZACION
09/30/2022 12:00:00 AM,PUTUMAYO,1309,430,190,1929,"$ 20,593,184,119","$ 21,339,361,437","$ 595,720,035",0.1781,AMORTIZACION
09/30/2022 12:00:00 AM,META,2515,657,398,3570,"$ 48,009,858,083","$ 49,458,025,148","$ 1,427,309,278",0.1627,AMORTIZACION
09/30/2022 12:00:00 AM,NORTE DE SANTANDER,3396,893,452,4741,"$ 59,820,129,472","$ 61,804,244,240","$ 1,523,897,270",0.1551,AMORTIZACION
09/30/2022 12:00:00 AM,AMAZONAS,113,44,22,179,"$ 2,859,468,277","$ 2,968,807,582","$ 83,467,958",0.1546,AMORTIZACION
09/30/2022 12:00:00 AM,GUAINIA,45,20,5,70,"$ 879,944,289","$ 918,927,694","$ 25,906,155",0.1471,AMORTIZACION
09/30/2022 12:00:00 AM,CAUCA,3306,850,385,4541,"$ 50,436,644,486","$ 52,118,548,860","$ 1,188,508,888",0.143,AMORTIZACION
09/30/2022 12:00:00 AM,RISARALDA,3301,812,303,4416,"$ 54,904,029,049","$ 56,616,813,058","$ 1,128,643,824",0.1298,AMORTIZACION
09/30/2022 12:00:00 AM,HUILA,2518,592,281,3391,"$ 40,996,752,451","$ 43,740,039,089","$ 880,530,575",0.1283,AMORTIZACION
09/30/2022 12:00:00 AM,SANTANDER,8339,2072,808,11219,"$ 166,981,703,595","$ 173,279,735,861","$ 3,276,696,679",0.1249,AMORTIZACION
09/30/2022 12:00:00 AM,BOYACA,3984,905,357,5246,"$ 82,983,549,268","$ 85,781,467,465","$ 1,380,895,861",0.123,AMORTIZACION
09/30/2022 12:00:00 AM,TOLIMA,3777,908,381,5066,"$ 62,786,666,890","$ 64,561,341,612","$ 1,238,030,746",0.1204,AMORTIZACION
09/30/2022 12:00:00 AM,QUINDIO,2061,469,180,2710,"$ 34,617,668,721","$ 35,581,988,309","$ 638,263,898",0.1196,AMORTIZACION
09/30/2022 12:00:00 AM,CHOCO,111,41,17,169,"$ 1,892,235,315","$ 1,950,096,282","$ 47,041,555",0.1156,AMORTIZACION
09/30/2022 12:00:00 AM,VALLE DEL CAUCA,13172,2782,1223,17177,"$ 340,037,431,727","$ 348,926,920,836","$ 5,702,782,950",0.1149,AMORTIZACION
09/30/2022 12:00:00 AM,ANTIOQUIA,10770,2654,969,14393,"$ 234,288,286,453","$ 240,799,753,854","$ 3,954,527,491",0.1127,AMORTIZACION
09/30/2022 12:00:00 AM,CALDAS,3101,648,260,4009,"$ 58,850,885,759","$ 60,493,153,616","$ 918,375,867",0.1115,AMORTIZACION
09/30/2022 12:00:00 AM,NARINO,4578,945,391,5914,"$ 70,627,675,758","$ 72,310,301,772","$ 1,307,553,836",0.1059,AMORTIZACION
09/30/2022 12:00:00 AM,SIN INFORMACION,44,7,9,60,"$ 814,016,364","$ 894,373,264","$ 44,522,972",0.1036,AMORTIZACION
09/30/2022 12:00:00 AM,CUNDINAMARCA,8398,1702,621,10721,"$ 202,171,732,377","$ 211,174,283,542","$ 2,912,705,608",0.0941,AMORTIZACION
09/30/2022 12:00:00 AM,DISTRITO CAPITAL,38316,7042,2579,47937,"$ 1,013,697,054,423","$ 1,043,974,186,866","$ 14,071,140,735",0.0883,AMORTIZACION
09/30/2022 12:00:00 AM,VAUPES,17,1,0,18,"$ 290,354,054","$ 320,241,207","$ 57,457",0,ESTUDIOS
12/31/2022 12:00:00 AM,BOYACA,3471,533,322,4326,"$ 105,421,434,504","$ 126,925,941,109","$ 816,224,180",0.1347,ESTUDIOS
12/31/2022 12:00:00 AM,CASANARE,1650,211,145,2006,"$ 39,834,368,365","$ 47,443,203,160","$ 261,792,235",0.1273,ESTUDIOS
12/31/2022 12:00:00 AM,ARAUCA,738,112,69,919,"$ 17,292,580,337","$ 19,869,804,177","$ 114,997,494",0.1209,ESTUDIOS
12/31/2022 12:00:00 AM,CHOCO,300,44,25,369,"$ 7,260,473,457","$ 8,123,610,803","$ 37,802,093",0.1194,ESTUDIOS
12/31/2022 12:00:00 AM,VICHADA,38,7,2,47,"$ 735,393,002","$ 816,381,327","$ 4,658,617",0.1191,ESTUDIOS
12/31/2022 12:00:00 AM,ATLANTICO,17711,2187,1637,21535,"$ 545,135,818,124","$ 618,728,541,028","$ 3,640,189,718",0.1191,ESTUDIOS
12/31/2022 12:00:00 AM,META,2660,322,199,3181,"$ 71,851,090,837","$ 82,266,054,157","$ 456,973,447",0.1086,ESTUDIOS
12/31/2022 12:00:00 AM,SANTANDER,6516,821,445,7782,"$ 187,193,885,688","$ 221,750,667,339","$ 1,179,338,639",0.1043,ESTUDIOS
12/31/2022 12:00:00 AM,VALLE DEL CAUCA,11625,1610,708,13943,"$ 376,422,878,959","$ 453,365,276,965","$ 2,256,760,107",0.0976,ESTUDIOS
12/31/2022 12:00:00 AM,GUAVIARE,233,40,14,287,"$ 5,251,177,273","$ 5,910,072,649","$ 24,487,211",0.0973,ESTUDIOS
12/31/2022 12:00:00 AM,NORTE DE SANTANDER,2654,288,197,3139,"$ 77,130,633,332","$ 89,591,052,424","$ 391,165,897",0.0944,ESTUDIOS
12/31/2022 12:00:00 AM,QUINDIO,1199,146,68,1413,"$ 29,389,044,555","$ 35,570,213,282","$ 169,308,267",0.0923,ESTUDIOS
12/31/2022 12:00:00 AM,DISTRITO CAPITAL,33154,3846,1957,38957,"$ 1,110,504,170,749","$ 1,349,119,871,597","$ 6,843,598,604",0.0912,ESTUDIOS
12/31/2022 12:00:00 AM,CALDAS,1785,229,108,2122,"$ 44,678,508,799","$ 54,198,750,690","$ 269,066,864",0.0893,ESTUDIOS
12/31/2022 12:00:00 AM,CAUCA,1776,168,105,2049,"$ 40,298,826,607","$ 46,657,953,322","$ 207,678,061",0.0877,ESTUDIOS
12/31/2022 12:00:00 AM,TOLIMA,2644,300,166,3110,"$ 66,768,784,837","$ 78,642,013,486","$ 341,643,816",0.0869,ESTUDIOS
12/31/2022 12:00:00 AM,RISARALDA,1928,186,116,2230,"$ 44,902,424,689","$ 53,957,285,853","$ 301,305,622",0.0863,ESTUDIOS
12/31/2022 12:00:00 AM,MAGDALENA,4408,390,280,5078,"$ 106,992,002,762","$ 119,751,622,958","$ 585,424,299",0.086,ESTUDIOS
12/31/2022 12:00:00 AM,LA GUAJIRA,2945,324,214,3483,"$ 95,853,712,337","$ 107,377,685,461","$ 430,145,319",0.0843,ESTUDIOS
12/31/2022 12:00:00 AM,CUNDINAMARCA,10138,929,444,11511,"$ 263,320,978,992","$ 313,746,196,954","$ 1,458,724,548",0.0815,ESTUDIOS
12/31/2022 12:00:00 AM,HUILA,2021,206,114,2341,"$ 50,734,279,743","$ 59,125,179,195","$ 268,679,716",0.0811,ESTUDIOS
12/31/2022 12:00:00 AM,ANTIOQUIA,10010,1097,484,11591,"$ 255,903,552,483","$ 317,110,055,604","$ 1,362,417,573",0.0808,ESTUDIOS
12/31/2022 12:00:00 AM,CESAR,3998,310,183,4491,"$ 102,751,474,160","$ 114,901,316,935","$ 421,522,696",0.0682,ESTUDIOS
12/31/2022 12:00:00 AM,AMAZONAS,83,6,5,94,"$ 2,449,784,787","$ 2,856,436,476","$ 15,733,175",0.0623,ESTUDIOS
12/31/2022 12:00:00 AM,CORDOBA,17016,1002,590,18608,"$ 364,868,274,360","$ 403,251,854,864","$ 1,129,685,099",0.0615,ESTUDIOS
12/31/2022 12:00:00 AM,CAQUETA,509,53,25,587,"$ 11,946,651,924","$ 13,587,691,158","$ 52,504,330",0.0608,ESTUDIOS
12/31/2022 12:00:00 AM,NARINO,4863,432,212,5507,"$ 104,575,154,277","$ 118,887,073,915","$ 370,483,092",0.0602,ESTUDIOS
12/31/2022 12:00:00 AM,PUTUMAYO,888,81,34,1003,"$ 17,523,004,533","$ 20,054,239,438","$ 59,894,364",0.0566,ESTUDIOS
12/31/2022 12:00:00 AM,GUAINIA,14,1,0,15,"$ 279,408,872","$ 317,519,375","$ 1,594,949",0.0553,ESTUDIOS
12/31/2022 12:00:00 AM,SUCRE,15402,632,564,16598,"$ 302,726,659,434","$ 333,726,944,636","$ 749,915,942",0.0497,ESTUDIOS
12/31/2022 12:00:00 AM,EXTRANJERO,56,0,0,56,"$ 5,784,698,736","$ 6,643,532,854",$ 0,0,ESTUDIOS
12/31/2022 12:00:00 AM,EXTRANJERO,18,0,0,18,"$ 1,094,946,383","$ 1,107,408,519",$ 0,0,AMORTIZACION
12/31/2022 12:00:00 AM,VAUPES,2,3,1,6,"$ 100,623,760","$ 102,423,397","$ 3,998,745",0.562,AMORTIZACION
12/31/2022 12:00:00 AM,SUCRE,4389,1900,953,7242,"$ 84,571,546,568","$ 87,174,533,805","$ 2,620,904,901",0.2744,AMORTIZACION
12/31/2022 12:00:00 AM,LA GUAJIRA,954,442,166,1562,"$ 30,598,437,794","$ 33,408,332,120","$ 748,369,480",0.2657,AMORTIZACION
12/31/2022 12:00:00 AM,CORDOBA,5306,2003,967,8276,"$ 120,593,203,525","$ 124,691,967,080","$ 2,824,092,069",0.2317,AMORTIZACION
12/31/2022 12:00:00 AM,ARAUCA,978,369,113,1460,"$ 16,048,327,427","$ 16,574,481,518","$ 323,921,237",0.2124,AMORTIZACION
12/31/2022 12:00:00 AM,MAGDALENA,1808,686,248,2742,"$ 43,705,523,297","$ 45,871,857,017","$ 915,276,401",0.2087,AMORTIZACION
12/31/2022 12:00:00 AM,PUTUMAYO,1259,544,138,1941,"$ 20,875,702,122","$ 21,936,842,337","$ 412,080,931",0.2048,AMORTIZACION
12/31/2022 12:00:00 AM,CASANARE,1546,540,197,2283,"$ 28,182,355,750","$ 29,476,610,719","$ 614,211,088",0.2021,AMORTIZACION
12/31/2022 12:00:00 AM,ATLANTICO,11533,3967,1538,17038,"$ 338,655,916,053","$ 349,675,192,056","$ 6,618,945,430",0.1945,AMORTIZACION
12/31/2022 12:00:00 AM,CESAR,1332,525,182,2039,"$ 32,773,383,349","$ 34,969,463,667","$ 660,703,195",0.1795,AMORTIZACION
12/31/2022 12:00:00 AM,META,2406,815,259,3480,"$ 48,282,319,887","$ 49,614,090,378","$ 907,303,002",0.1704,AMORTIZACION
12/31/2022 12:00:00 AM,NORTE DE SANTANDER,3329,1050,316,4695,"$ 61,090,555,134","$ 62,922,188,079","$ 1,055,979,000",0.1656,AMORTIZACION
12/31/2022 12:00:00 AM,AMAZONAS,117,46,10,173,"$ 2,898,787,678","$ 3,112,015,373","$ 37,987,260",0.1605,AMORTIZACION
12/31/2022 12:00:00 AM,GUAINIA,34,27,3,64,"$ 808,557,519","$ 852,277,800","$ 16,450,341",0.1425,AMORTIZACION
12/31/2022 12:00:00 AM,CAUCA,3138,979,289,4406,"$ 49,285,640,768","$ 51,081,005,644","$ 811,689,252",0.141,AMORTIZACION
12/31/2022 12:00:00 AM,GUAVIARE,227,71,13,311,"$ 2,978,235,331","$ 3,039,394,127","$ 47,936,979",0.1396,AMORTIZACION
12/31/2022 12:00:00 AM,VICHADA,30,4,5,39,"$ 579,127,209","$ 601,763,567","$ 19,540,821",0.1396,AMORTIZACION
12/31/2022 12:00:00 AM,HUILA,2450,694,196,3340,"$ 42,129,791,663","$ 44,788,084,970","$ 634,084,874",0.1395,AMORTIZACION
12/31/2022 12:00:00 AM,BOYACA,3879,1093,246,5218,"$ 86,644,547,622","$ 89,493,222,047","$ 1,157,115,959",0.1375,AMORTIZACION
12/31/2022 12:00:00 AM,CAQUETA,867,276,75,1218,"$ 10,573,352,896","$ 10,837,291,418","$ 176,548,678",0.1333,AMORTIZACION
12/31/2022 12:00:00 AM,TOLIMA,3753,988,264,5005,"$ 63,252,476,844","$ 64,988,306,346","$ 877,309,179",0.1292,AMORTIZACION
12/31/2022 12:00:00 AM,RISARALDA,3215,845,239,4299,"$ 54,953,830,882","$ 56,746,625,938","$ 783,036,457",0.1269,AMORTIZACION
12/31/2022 12:00:00 AM,SANTANDER,8197,2371,568,11136,"$ 173,374,792,186","$ 180,201,856,535","$ 2,397,980,583",0.1242,AMORTIZACION
12/31/2022 12:00:00 AM,ANTIOQUIA,10581,2797,740,14118,"$ 233,944,864,497","$ 240,468,567,908","$ 2,931,491,268",0.12,AMORTIZACION
12/31/2022 12:00:00 AM,VALLE DEL CAUCA,12829,3173,886,16888,"$ 345,337,030,708","$ 354,636,422,372","$ 4,373,664,507",0.1197,AMORTIZACION
12/31/2022 12:00:00 AM,NARINO,4445,1176,248,5869,"$ 69,883,779,275","$ 71,687,478,243","$ 869,333,206",0.1164,AMORTIZACION
12/31/2022 12:00:00 AM,QUINDIO,2000,519,126,2645,"$ 34,600,887,743","$ 35,534,687,914","$ 428,843,932",0.1151,AMORTIZACION
12/31/2022 12:00:00 AM,CALDAS,2990,720,199,3909,"$ 58,633,761,345","$ 60,255,595,921","$ 705,069,376",0.1124,AMORTIZACION
12/31/2022 12:00:00 AM,CHOCO,106,47,14,167,"$ 2,001,965,909","$ 2,060,724,218","$ 40,175,771",0.1117,AMORTIZACION
12/31/2022 12:00:00 AM,CUNDINAMARCA,8366,1917,497,10780,"$ 207,995,901,198","$ 217,765,493,587","$ 2,357,355,233",0.105,AMORTIZACION
12/31/2022 12:00:00 AM,DISTRITO CAPITAL,37418,7900,1931,47249,"$ 1,027,040,567,692","$ 1,058,204,173,334","$ 11,137,116,054",0.0976,AMORTIZACION
12/31/2022 12:00:00 AM,SAN ANDRES,119,30,20,169,"$ 3,883,638,958","$ 4,520,014,306","$ 47,910,002",0.1895,ESTUDIOS
12/31/2022 12:00:00 AM,SAN ANDRES,121,52,25,198,"$ 3,415,398,945","$ 4,225,695,661","$ 67,869,868",0.1631,AMORTIZACION
12/31/2022 12:00:00 AM,BOLIVAR,11375,788,588,12751,"$ 261,963,331,324","$ 293,197,526,802","$ 1,184,867,413",0.0782,ESTUDIOS
12/31/2022 12:00:00 AM,BOLIVAR,5637,2347,873,8857,"$ 113,472,588,345","$ 119,618,180,496","$ 2,733,144,234",0.2115,AMORTIZACION
12/31/2022 12:00:00 AM,VAUPES,17,0,0,17,"$ 221,832,056","$ 248,711,446",$ 0,0,ESTUDIOS
03/31/2023 12:00:00 AM,EXTRANJERO,57,0,0,57,"$ 6,147,443,617","$ 7,199,515,155",$ 0,0,ESTUDIOS
03/31/2023 12:00:00 AM,AMAZONAS,83,13,4,100,"$ 2,660,462,739","$ 3,120,436,988","$ 30,868,054",0.1862,ESTUDIOS
03/31/2023 12:00:00 AM,VICHADA,38,8,3,49,"$ 822,487,710","$ 923,824,276","$ 6,790,464",0.1507,ESTUDIOS
03/31/2023 12:00:00 AM,ARAUCA,757,128,68,953,"$ 19,563,695,589","$ 22,545,155,355","$ 135,367,324",0.1339,ESTUDIOS
03/31/2023 12:00:00 AM,CASANARE,1619,262,115,1996,"$ 42,537,231,678","$ 49,974,974,551","$ 287,114,536",0.1328,ESTUDIOS
03/31/2023 12:00:00 AM,ATLANTICO,19031,3396,1329,23756,"$ 623,758,466,314","$ 710,901,416,120","$ 4,704,839,538",0.1326,ESTUDIOS
03/31/2023 12:00:00 AM,BOYACA,3536,701,260,4497,"$ 115,953,036,687","$ 138,627,948,423","$ 934,504,414",0.1298,ESTUDIOS
03/31/2023 12:00:00 AM,CHOCO,307,70,20,397,"$ 8,944,798,733","$ 9,988,612,302","$ 47,679,754",0.1194,ESTUDIOS
03/31/2023 12:00:00 AM,SANTANDER,6691,1097,404,8192,"$ 207,380,138,026","$ 244,426,889,165","$ 1,474,744,978",0.1117,ESTUDIOS
03/31/2023 12:00:00 AM,META,2777,403,166,3346,"$ 80,544,381,203","$ 92,805,116,079","$ 539,473,051",0.1107,ESTUDIOS
03/31/2023 12:00:00 AM,MAGDALENA,4735,619,228,5582,"$ 127,025,408,509","$ 142,950,049,434","$ 818,185,096",0.1033,ESTUDIOS
03/31/2023 12:00:00 AM,LA GUAJIRA,3149,560,181,3890,"$ 115,239,652,336","$ 128,990,375,073","$ 548,394,671",0.1026,ESTUDIOS
03/31/2023 12:00:00 AM,NORTE DE SANTANDER,2697,398,179,3274,"$ 85,968,462,111","$ 99,350,177,930","$ 502,662,442",0.1006,ESTUDIOS
03/31/2023 12:00:00 AM,DISTRITO CAPITAL,34211,4939,1715,40865,"$ 1,232,615,504,879","$ 1,486,178,578,160","$ 8,361,289,867",0.097,ESTUDIOS
03/31/2023 12:00:00 AM,GUAVIARE,258,43,8,309,"$ 6,151,571,342","$ 6,976,833,287","$ 27,241,455",0.0963,ESTUDIOS
03/31/2023 12:00:00 AM,TOLIMA,2738,388,135,3261,"$ 75,074,304,549","$ 88,239,579,533","$ 418,167,772",0.0963,ESTUDIOS
03/31/2023 12:00:00 AM,RISARALDA,1961,255,113,2329,"$ 49,978,757,857","$ 59,096,949,274","$ 375,056,091",0.095,ESTUDIOS
03/31/2023 12:00:00 AM,CALDAS,1880,302,90,2272,"$ 50,624,071,905","$ 60,388,078,908","$ 323,637,178",0.0949,ESTUDIOS
03/31/2023 12:00:00 AM,CUNDINAMARCA,10323,1132,431,11886,"$ 289,503,620,261","$ 344,586,715,782","$ 1,829,451,702",0.0884,ESTUDIOS
03/31/2023 12:00:00 AM,QUINDIO,1300,165,59,1524,"$ 32,487,422,755","$ 39,218,411,138","$ 171,141,301",0.0864,ESTUDIOS
03/31/2023 12:00:00 AM,VALLE DEL CAUCA,12409,1878,581,14868,"$ 419,269,932,417","$ 502,661,536,018","$ 2,553,643,317",0.0863,ESTUDIOS
03/31/2023 12:00:00 AM,ANTIOQUIA,10814,1390,440,12644,"$ 289,370,776,081","$ 354,337,632,838","$ 1,649,939,858",0.0849,ESTUDIOS
03/31/2023 12:00:00 AM,CAQUETA,538,64,17,619,"$ 13,899,447,146","$ 15,860,389,546","$ 68,414,785",0.0828,ESTUDIOS
03/31/2023 12:00:00 AM,HUILA,2207,284,80,2571,"$ 58,912,188,536","$ 68,460,970,755","$ 310,402,782",0.0828,ESTUDIOS
03/31/2023 12:00:00 AM,CESAR,4567,599,160,5326,"$ 128,042,216,698","$ 143,082,149,747","$ 559,867,605",0.0809,ESTUDIOS
03/31/2023 12:00:00 AM,BOLIVAR,12574,1102,504,14180,"$ 311,168,161,570","$ 350,567,965,839","$ 1,475,266,300",0.0798,ESTUDIOS
03/31/2023 12:00:00 AM,CAUCA,1889,216,73,2178,"$ 46,887,034,359","$ 53,837,043,113","$ 216,516,108",0.0681,ESTUDIOS
03/31/2023 12:00:00 AM,PUTUMAYO,940,91,34,1065,"$ 20,288,591,334","$ 23,077,363,967","$ 74,321,529",0.0604,ESTUDIOS
03/31/2023 12:00:00 AM,NARINO,5367,576,150,6093,"$ 123,291,645,008","$ 140,287,436,705","$ 423,014,450",0.0563,ESTUDIOS
03/31/2023 12:00:00 AM,CORDOBA,18617,1222,541,20380,"$ 431,001,743,518","$ 479,649,929,334","$ 1,324,980,526",0.0558,ESTUDIOS
03/31/2023 12:00:00 AM,SUCRE,16437,765,506,17708,"$ 354,213,900,705","$ 394,336,381,175","$ 896,127,032",0.047,ESTUDIOS
03/31/2023 12:00:00 AM,GUAINIA,17,1,1,19,"$ 380,190,729","$ 431,217,473","$ 4,421,898",0.0407,ESTUDIOS
03/31/2023 12:00:00 AM,EXTRANJERO,17,1,0,18,"$ 973,244,512","$ 986,298,801","$ 248,531",0,AMORTIZACION
03/31/2023 12:00:00 AM,VAUPES,2,2,1,5,"$ 84,366,328","$ 87,628,844","$ 5,339,960",0.9915,AMORTIZACION
03/31/2023 12:00:00 AM,VICHADA,22,9,8,39,"$ 592,556,164","$ 624,669,253","$ 33,214,942",0.3662,AMORTIZACION
03/31/2023 12:00:00 AM,GUAINIA,31,19,12,62,"$ 789,185,401","$ 847,248,867","$ 26,320,232",0.2931,AMORTIZACION
03/31/2023 12:00:00 AM,LA GUAJIRA,883,411,286,1580,"$ 31,382,702,177","$ 34,998,014,415","$ 1,132,470,338",0.2922,AMORTIZACION
03/31/2023 12:00:00 AM,SUCRE,3949,2011,1325,7285,"$ 84,894,920,794","$ 88,953,922,145","$ 3,574,389,258",0.2906,AMORTIZACION
03/31/2023 12:00:00 AM,BOLIVAR,5088,2345,1338,8771,"$ 112,462,416,164","$ 119,982,917,287","$ 3,932,603,110",0.2552,AMORTIZACION
03/31/2023 12:00:00 AM,CORDOBA,4863,2181,1304,8348,"$ 119,990,116,320","$ 125,868,319,805","$ 3,861,061,292",0.2496,AMORTIZACION
03/31/2023 12:00:00 AM,MAGDALENA,1644,760,376,2780,"$ 44,017,194,682","$ 46,802,384,872","$ 1,358,039,361",0.2423,AMORTIZACION
03/31/2023 12:00:00 AM,AMAZONAS,90,56,23,169,"$ 2,845,418,109","$ 3,084,556,160","$ 66,546,252",0.2398,AMORTIZACION
03/31/2023 12:00:00 AM,CHOCO,93,59,24,176,"$ 2,127,678,141","$ 2,276,605,427","$ 76,766,663",0.2376,AMORTIZACION
03/31/2023 12:00:00 AM,PUTUMAYO,1154,535,241,1930,"$ 20,630,795,685","$ 22,125,471,768","$ 598,285,583",0.2309,AMORTIZACION
03/31/2023 12:00:00 AM,ARAUCA,861,409,168,1438,"$ 15,918,821,717","$ 16,620,843,982","$ 469,000,610",0.2281,AMORTIZACION
03/31/2023 12:00:00 AM,GUAVIARE,199,87,25,311,"$ 2,972,802,667","$ 3,062,167,049","$ 74,562,523",0.2222,AMORTIZACION
03/31/2023 12:00:00 AM,CESAR,1231,543,278,2052,"$ 33,144,693,648","$ 35,671,255,409","$ 968,972,365",0.2142,AMORTIZACION
03/31/2023 12:00:00 AM,ATLANTICO,10668,4242,2099,17009,"$ 341,103,143,852","$ 356,437,293,887","$ 8,971,820,995",0.2079,AMORTIZACION
03/31/2023 12:00:00 AM,CASANARE,1460,597,254,2311,"$ 28,699,562,786","$ 31,165,898,331","$ 834,495,213",0.1939,AMORTIZACION
03/31/2023 12:00:00 AM,CAQUETA,784,292,114,1190,"$ 10,524,962,097","$ 10,876,956,664","$ 251,413,209",0.1932,AMORTIZACION
03/31/2023 12:00:00 AM,META,2235,840,367,3442,"$ 47,726,343,435","$ 49,644,784,144","$ 1,205,399,768",0.1887,AMORTIZACION
03/31/2023 12:00:00 AM,NORTE DE SANTANDER,3090,1138,451,4679,"$ 61,470,691,428","$ 64,583,530,836","$ 1,421,582,500",0.1736,AMORTIZACION
03/31/2023 12:00:00 AM,CAUCA,2915,1078,371,4364,"$ 48,207,176,439","$ 50,762,122,698","$ 1,077,943,069",0.1661,AMORTIZACION
03/31/2023 12:00:00 AM,HUILA,2263,800,266,3329,"$ 42,626,589,097","$ 45,675,792,233","$ 869,945,731",0.1547,AMORTIZACION
03/31/2023 12:00:00 AM,RISARALDA,2995,946,316,4257,"$ 54,398,184,446","$ 57,280,873,266","$ 1,098,691,652",0.1545,AMORTIZACION
03/31/2023 12:00:00 AM,BOYACA,3575,1268,377,5220,"$ 86,576,903,249","$ 91,191,532,652","$ 1,587,348,766",0.1523,AMORTIZACION
03/31/2023 12:00:00 AM,TOLIMA,3433,1173,368,4974,"$ 62,958,569,512","$ 65,333,811,312","$ 1,213,665,015",0.1516,AMORTIZACION
03/31/2023 12:00:00 AM,QUINDIO,1837,592,163,2592,"$ 34,585,031,078","$ 35,820,459,596","$ 618,360,167",0.1511,AMORTIZACION
03/31/2023 12:00:00 AM,SANTANDER,7604,2596,790,10990,"$ 172,262,605,209","$ 181,724,209,793","$ 3,245,834,258",0.1446,AMORTIZACION
03/31/2023 12:00:00 AM,VALLE DEL CAUCA,12119,3507,1158,16784,"$ 347,744,389,140","$ 360,858,570,216","$ 5,861,102,081",0.1346,AMORTIZACION
03/31/2023 12:00:00 AM,CALDAS,2759,867,255,3881,"$ 58,502,364,000","$ 61,186,274,693","$ 964,058,905",0.1314,AMORTIZACION
03/31/2023 12:00:00 AM,ANTIOQUIA,9905,3072,968,13945,"$ 234,887,086,629","$ 244,346,181,123","$ 3,830,977,502",0.131,AMORTIZACION
03/31/2023 12:00:00 AM,NARINO,4148,1284,376,5808,"$ 69,329,395,881","$ 71,794,059,994","$ 1,130,768,110",0.1273,AMORTIZACION
03/31/2023 12:00:00 AM,CUNDINAMARCA,7883,2182,687,10752,"$ 208,850,272,588","$ 220,873,851,805","$ 3,230,391,358",0.1243,AMORTIZACION
03/31/2023 12:00:00 AM,DISTRITO CAPITAL,35295,8854,2651,46800,"$ 1,043,122,562,867","$ 1,086,229,367,669","$ 15,060,478,908",0.1123,AMORTIZACION
03/31/2023 12:00:00 AM,SAN ANDRES,122,32,21,175,"$ 4,309,791,638","$ 4,932,765,035","$ 61,089,678",0.2248,ESTUDIOS
03/31/2023 12:00:00 AM,SAN ANDRES,114,55,36,205,"$ 3,297,245,777","$ 4,227,869,593","$ 121,704,591",0.2621,AMORTIZACION
03/31/2023 12:00:00 AM,SIN INFORMACION,1,0,0,1,"$ 6,855","$ 6,934",$ 0,0,ESTUDIOS
03/31/2023 12:00:00 AM,VAUPES,19,2,0,21,"$ 311,601,446","$ 348,411,856","$ 164,684",0,ESTUDIOS
06/30/2023 12:00:00 AM,BOLIVAR,12394,905,562,13861,"$ 299,143,049,685","$ 344,035,417,123","$ 1,277,246,013",0.0708,ESTUDIOS
06/30/2023 12:00:00 AM,BOLIVAR,5175,2373,1483,9031,"$ 125,669,462,031","$ 133,838,826,634","$ 4,231,097,953",0.2446,AMORTIZACION
06/30/2023 12:00:00 AM,EXTRANJERO,57,0,0,57,"$ 6,115,548,115","$ 7,332,667,428",$ 0,0,ESTUDIOS
06/30/2023 12:00:00 AM,EXTRANJERO,18,0,0,18,"$ 951,657,522","$ 967,203,427",$ 0,0,AMORTIZACION
06/30/2023 12:00:00 AM,AMAZONAS,82,9,8,99,"$ 2,468,017,583","$ 2,950,309,164","$ 31,688,156",0.1988,ESTUDIOS
06/30/2023 12:00:00 AM,VAUPES,17,4,0,21,"$ 309,295,909","$ 355,093,877","$ 2,165,746",0.156,ESTUDIOS
06/30/2023 12:00:00 AM,CASANARE,1549,219,126,1894,"$ 39,883,209,741","$ 47,761,669,216","$ 240,913,182",0.1292,ESTUDIOS
06/30/2023 12:00:00 AM,BOYACA,3485,563,288,4336,"$ 107,418,629,357","$ 130,431,248,642","$ 797,818,185",0.1289,ESTUDIOS
06/30/2023 12:00:00 AM,ARAUCA,748,117,70,935,"$ 18,789,947,584","$ 22,065,996,154","$ 137,161,611",0.1287,ESTUDIOS
06/30/2023 12:00:00 AM,CHOCO,323,39,33,395,"$ 8,935,176,452","$ 10,217,903,721","$ 55,434,203",0.1257,ESTUDIOS
06/30/2023 12:00:00 AM,ATLANTICO,18592,2435,1695,22722,"$ 587,449,311,682","$ 681,929,055,377","$ 3,883,394,860",0.1107,ESTUDIOS
06/30/2023 12:00:00 AM,GUAINIA,17,1,2,20,"$ 378,208,039","$ 440,010,404","$ 8,917,225",0.1044,ESTUDIOS
06/30/2023 12:00:00 AM,RISARALDA,1872,230,103,2205,"$ 45,990,892,121","$ 55,163,260,174","$ 297,383,929",0.1008,ESTUDIOS
06/30/2023 12:00:00 AM,VICHADA,42,3,4,49,"$ 820,329,375","$ 944,038,680","$ 5,127,967",0.0993,ESTUDIOS
06/30/2023 12:00:00 AM,SANTANDER,6497,798,466,7761,"$ 189,509,092,073","$ 226,363,344,641","$ 1,117,600,401",0.0974,ESTUDIOS
06/30/2023 12:00:00 AM,VALLE DEL CAUCA,11950,1582,696,14228,"$ 393,075,840,363","$ 479,064,908,503","$ 2,206,465,543",0.0956,ESTUDIOS
06/30/2023 12:00:00 AM,META,2685,302,191,3178,"$ 75,826,935,564","$ 89,048,194,459","$ 412,587,958",0.095,ESTUDIOS
06/30/2023 12:00:00 AM,DISTRITO CAPITAL,33314,4104,1773,39191,"$ 1,153,871,751,809","$ 1,411,669,803,307","$ 6,898,724,522",0.0864,ESTUDIOS
06/30/2023 12:00:00 AM,MAGDALENA,4669,401,314,5384,"$ 121,472,394,505","$ 139,465,063,938","$ 721,653,984",0.084,ESTUDIOS
06/30/2023 12:00:00 AM,CAUCA,1837,193,89,2119,"$ 44,023,551,403","$ 51,476,273,810","$ 203,367,422",0.0817,ESTUDIOS
06/30/2023 12:00:00 AM,NORTE DE SANTANDER,2649,302,179,3130,"$ 79,523,507,763","$ 93,648,716,935","$ 388,142,096",0.08,ESTUDIOS
06/30/2023 12:00:00 AM,LA GUAJIRA,3286,314,271,3871,"$ 111,926,015,608","$ 127,795,831,837","$ 485,276,902",0.0782,ESTUDIOS
06/30/2023 12:00:00 AM,CALDAS,1895,214,106,2215,"$ 46,894,004,558","$ 56,755,311,574","$ 250,832,851",0.0752,ESTUDIOS
06/30/2023 12:00:00 AM,TOLIMA,2674,299,139,3112,"$ 69,728,137,473","$ 83,239,667,579","$ 307,668,058",0.0731,ESTUDIOS
06/30/2023 12:00:00 AM,QUINDIO,1291,133,63,1487,"$ 30,222,361,839","$ 37,007,191,149","$ 142,604,631",0.0723,ESTUDIOS
06/30/2023 12:00:00 AM,CUNDINAMARCA,10157,904,391,11452,"$ 273,501,938,677","$ 330,849,827,170","$ 1,448,967,958",0.0713,ESTUDIOS
06/30/2023 12:00:00 AM,ANTIOQUIA,10698,1055,483,12236,"$ 278,016,238,487","$ 344,863,832,445","$ 1,398,280,314",0.0688,ESTUDIOS
06/30/2023 12:00:00 AM,CESAR,4697,379,242,5318,"$ 126,048,204,757","$ 143,786,650,523","$ 512,816,731",0.0678,ESTUDIOS
06/30/2023 12:00:00 AM,HUILA,2159,215,104,2478,"$ 56,019,180,523","$ 65,837,984,068","$ 273,348,971",0.0671,ESTUDIOS
06/30/2023 12:00:00 AM,GUAVIARE,258,29,14,301,"$ 5,923,255,939","$ 6,830,651,623","$ 25,981,185",0.0635,ESTUDIOS
06/30/2023 12:00:00 AM,NARINO,5339,482,193,6014,"$ 118,522,696,572","$ 137,471,995,534","$ 379,260,133",0.0606,ESTUDIOS
06/30/2023 12:00:00 AM,PUTUMAYO,936,81,42,1059,"$ 19,745,563,421","$ 22,937,163,390","$ 67,049,153",0.059,ESTUDIOS
06/30/2023 12:00:00 AM,CORDOBA,18351,1028,525,19904,"$ 416,246,875,372","$ 473,364,618,420","$ 1,192,290,272",0.0544,ESTUDIOS
06/30/2023 12:00:00 AM,CAQUETA,544,48,20,612,"$ 13,752,258,002","$ 15,911,193,768","$ 47,543,892",0.0473,ESTUDIOS
06/30/2023 12:00:00 AM,SUCRE,15797,688,511,16996,"$ 338,227,361,452","$ 385,144,812,929","$ 827,070,562",0.0407,ESTUDIOS
06/30/2023 12:00:00 AM,VAUPES,2,1,1,4,"$ 81,517,611","$ 84,085,660","$ 4,760,016",0.6416,AMORTIZACION
06/30/2023 12:00:00 AM,AMAZONAS,94,50,28,172,"$ 3,053,374,896","$ 3,322,602,409","$ 98,365,782",0.327,AMORTIZACION
06/30/2023 12:00:00 AM,LA GUAJIRA,922,450,294,1666,"$ 35,567,596,815","$ 39,400,091,361","$ 1,313,417,295",0.292,AMORTIZACION
06/30/2023 12:00:00 AM,VICHADA,20,8,8,36,"$ 546,521,348","$ 577,425,211","$ 19,846,893",0.2779,AMORTIZACION
06/30/2023 12:00:00 AM,GUAINIA,29,17,13,59,"$ 743,336,128","$ 802,754,588","$ 25,819,262",0.2715,AMORTIZACION
06/30/2023 12:00:00 AM,SUCRE,4202,2218,1428,7848,"$ 102,355,560,472","$ 107,629,054,002","$ 3,653,528,311",0.2626,AMORTIZACION
06/30/2023 12:00:00 AM,PUTUMAYO,1156,484,261,1901,"$ 20,683,542,974","$ 22,418,459,822","$ 678,177,475",0.2451,AMORTIZACION
06/30/2023 12:00:00 AM,MAGDALENA,1700,836,431,2967,"$ 50,581,442,610","$ 53,737,131,687","$ 1,530,397,362",0.239,AMORTIZACION
06/30/2023 12:00:00 AM,ARAUCA,926,347,172,1445,"$ 16,575,753,784","$ 17,364,810,995","$ 477,270,018",0.2286,AMORTIZACION
06/30/2023 12:00:00 AM,CORDOBA,5117,2374,1385,8876,"$ 138,087,936,428","$ 145,303,928,786","$ 4,017,534,550",0.2283,AMORTIZACION
06/30/2023 12:00:00 AM,CASANARE,1511,598,242,2351,"$ 30,623,880,586","$ 33,103,017,799","$ 833,087,332",0.2117,AMORTIZACION
06/30/2023 12:00:00 AM,ATLANTICO,10954,4436,2213,17603,"$ 373,366,010,014","$ 391,047,845,602","$ 9,371,859,677",0.2106,AMORTIZACION
06/30/2023 12:00:00 AM,CHOCO,107,41,26,174,"$ 2,044,737,159","$ 2,174,176,592","$ 60,972,538",0.2096,AMORTIZACION
06/30/2023 12:00:00 AM,CESAR,1283,564,289,2136,"$ 36,484,798,232","$ 39,008,920,844","$ 983,803,368",0.2042,AMORTIZACION
06/30/2023 12:00:00 AM,GUAVIARE,194,87,28,309,"$ 3,227,424,619","$ 3,337,594,370","$ 75,356,642",0.1995,AMORTIZACION
06/30/2023 12:00:00 AM,CAUCA,2918,986,413,4317,"$ 49,635,470,392","$ 52,417,528,160","$ 1,158,626,943",0.191,AMORTIZACION
06/30/2023 12:00:00 AM,META,2231,873,379,3483,"$ 50,990,284,818","$ 53,157,044,225","$ 1,262,476,518",0.1859,AMORTIZACION
06/30/2023 12:00:00 AM,CAQUETA,789,264,112,1165,"$ 10,621,126,628","$ 11,013,014,373","$ 229,812,033",0.1819,AMORTIZACION
06/30/2023 12:00:00 AM,BOYACA,3635,1185,494,5314,"$ 94,114,664,275","$ 99,135,624,618","$ 1,926,606,653",0.1799,AMORTIZACION
06/30/2023 12:00:00 AM,NORTE DE SANTANDER,3164,1093,486,4743,"$ 67,397,067,789","$ 70,719,458,116","$ 1,525,084,374",0.179,AMORTIZACION
06/30/2023 12:00:00 AM,RISARALDA,2984,901,356,4241,"$ 56,215,781,054","$ 59,261,097,531","$ 1,181,826,477",0.1699,AMORTIZACION
06/30/2023 12:00:00 AM,HUILA,2287,782,283,3352,"$ 45,749,988,160","$ 49,002,652,614","$ 970,221,075",0.1685,AMORTIZACION
06/30/2023 12:00:00 AM,TOLIMA,3438,1073,476,4987,"$ 66,736,662,727","$ 69,433,100,923","$ 1,338,495,580",0.162,AMORTIZACION
06/30/2023 12:00:00 AM,NARINO,4199,1220,449,5868,"$ 72,852,905,250","$ 75,767,151,860","$ 1,329,235,762",0.1516,AMORTIZACION
06/30/2023 12:00:00 AM,SANTANDER,7706,2491,912,11109,"$ 186,423,224,618","$ 196,372,350,066","$ 3,507,568,579",0.1504,AMORTIZACION
06/30/2023 12:00:00 AM,ANTIOQUIA,9834,3084,1063,13981,"$ 245,767,194,434","$ 255,896,266,885","$ 4,155,266,301",0.1472,AMORTIZACION
06/30/2023 12:00:00 AM,QUINDIO,1834,532,200,2566,"$ 36,156,430,096","$ 37,514,321,140","$ 665,850,798",0.1441,AMORTIZACION
06/30/2023 12:00:00 AM,VALLE DEL CAUCA,12200,3333,1315,16848,"$ 363,714,175,235","$ 378,209,456,189","$ 6,101,744,554",0.1435,AMORTIZACION
06/30/2023 12:00:00 AM,CUNDINAMARCA,7988,2047,835,10870,"$ 219,822,082,686","$ 232,600,731,665","$ 3,584,691,573",0.1373,AMORTIZACION
06/30/2023 12:00:00 AM,CALDAS,2824,744,264,3832,"$ 60,323,592,816","$ 63,216,770,338","$ 988,241,932",0.1355,AMORTIZACION
06/30/2023 12:00:00 AM,DISTRITO CAPITAL,35378,8516,3074,46968,"$ 1,090,097,623,511","$ 1,137,281,832,799","$ 16,222,947,803",0.1235,AMORTIZACION
06/30/2023 12:00:00 AM,SAN ANDRES,123,18,27,168,"$ 4,184,341,790","$ 4,871,776,106","$ 74,043,653",0.2282,ESTUDIOS
06/30/2023 12:00:00 AM,SAN ANDRES,102,60,51,213,"$ 3,340,955,842","$ 4,133,903,829","$ 172,116,817",0.2853,AMORTIZACION
